fecha,num_categorias,precision,loss,val_precision,val_loss
2025-05-23 07:57,103,0.41853827238082886,1.8270423412322998,0.14746703207492828,4.9770097732543945
